pos,snp,chrom,ref,alt,allele,annotation,annotation_impact,gene_name,gene_id,feature_type,feature_id,transcript_bio_type,rank,hgvs_c,hgvs_p,c_dna_pos_c_dna_length,cds_pos_cds_length,aa_pos_aa_length,distance,errors_warnings_info
985377,rs113020870,1,C,T,T,synonymous_variant,LOW,AGRN,ENSG00000188157,transcript,ENST00000379370,protein_coding,27/36,c.4839C>T,p.Cys1613Cys,4889/7323,4839/6138,1613/2045,,
109888432,rs141749679,1,T,C,C,missense_variant,MODERATE,SORT1,ENSG00000134243,transcript,ENST00000256637,protein_coding,8/20,c.904A>G,p.Lys302Glu,963/7028,904/2496,302/831,,
161155392,rs4575098,1,G,A,A,3_prime_UTR_variant,MODIFIER,ADAMTS4,ENSG00000158859,transcript,ENST00000367996,protein_coding,9/9,c.*5536C>T,,,,,5536,
207692049,rs6656401,1,A,G,G,intron_variant,MODIFIER,CR1,ENSG00000203710,transcript,ENST00000367049,protein_coding,4/46,c.488-4907A>G,,,,,,
207750568,rs679515,1,T,C,C,intron_variant,MODIFIER,CR1,ENSG00000203710,transcript,ENST00000367049,protein_coding,28/46,c.4538-582T>C,,,,,,
207786828,rs2093760,1,A,G,G,downstream_gene_variant,MODIFIER,CR1,ENSG00000203710,transcript,ENST00000534202,protein_coding,,c.*3937A>G,,,,,3937,WARNING_TRANSCRIPT_NO_STOP_CODON
207802552,rs4844610,1,A,C,C,intron_variant,MODIFIER,CR1,ENSG00000203710,transcript,ENST00000367049,protein_coding,45/46,c.7353-1310A>C,,,,,,
9699011,rs72777026,2,A,G,G,upstream_gene_variant,MODIFIER,ADAM17,ENSG00000151694,transcript,ENST00000310823,protein_coding,,c.-3277T>C,,,,,3094,
37531939,rs17020490,2,T,C,C,intron_variant,MODIFIER,PRKD3,ENSG00000115825,transcript,ENST00000234179,protein_coding,1/17,c.288+11441A>G,,,,,,
106235428,rs115186657,2,A,C,C,intergenic_region,MODIFIER,FHL2-NCK2,ENSG00000115641-ENSG00000071051,intergenic_region,ENSG00000115641-ENSG00000071051,,,n.106235428A>C,,,,,,
106366056,rs143080277,2,T,C,C,intron_variant,MODIFIER,NCK2,ENSG00000071051,transcript,ENST00000233154,protein_coding,1/4,c.-201+4461T>C,,,,,,
127891427,rs4663105,2,A,C,C,intergenic_region,MODIFIER,BIN1-NIFKP9,ENSG00000136717-ENSG00000237630,intergenic_region,ENSG00000136717-ENSG00000237630,,,n.127891427A>C,,,,,,
127892810,rs6733839,2,C,T,T,intergenic_region,MODIFIER,BIN1-NIFKP9,ENSG00000136717-ENSG00000237630,intergenic_region,ENSG00000136717-ENSG00000237630,,,n.127892810C>T,,,,,,
203743439,rs139643391,2,TC,T,T,3_prime_UTR_variant,MODIFIER,WDR12,ENSG00000138442,transcript,ENST00000261015,protein_coding,13/13,c.*2143delG,,,,,2143,
233981912,rs10933431,2,G,C,C,intron_variant,MODIFIER,INPP5D,ENSG00000168918,transcript,ENST00000359570,protein_coding,2/28,c.199-4905G>C,,,,,,
234068476,rs35349669,2,C,T,T,upstream_gene_variant,MODIFIER,INPP5D,ENSG00000168918,transcript,ENST00000435188,protein_coding,,c.-1894C>T,,,,,1894,WARNING_TRANSCRIPT_NO_START_CODON
234082577,rs7597763,2,A,C,C,intron_variant,MODIFIER,INPP5D,ENSG00000168918,transcript,ENST00000359570,protein_coding,19/28,c.1953+2779A>C,,,,,,
57226150,rs184384746,3,C,T,T,intergenic_region,MODIFIER,IL17RD-HESX1,ENSG00000144730-ENSG00000163666,intergenic_region,ENSG00000144730-ENSG00000163666,,,n.57226150C>T,,,,,,
154787511,rs16824536,3,G,A,A,intron_variant,MODIFIER,MME,ENSG00000196549,transcript,ENST00000492661,protein_coding,1/22,c.-10-14436G>A,,,,,,
154801978,rs61762319,3,A,G,G,missense_variant,MODERATE,MME,ENSG00000196549,transcript,ENST00000360490,protein_coding,2/23,c.22A>G,p.Met8Val,100/2360,22/2253,8/750,,
987343,rs3822030,4,G,T,T,upstream_gene_variant,MODIFIER,SLC26A1,ENSG00000145217,transcript,ENST00000361661,protein_coding,,c.-497C>A,,,,,119,
11014822,rs4504245,4,A,G,G,intergenic_region,MODIFIER,RP11-61G19.1-MIR572,ENSG00000249334-ENSG00000207716,intergenic_region,ENSG00000249334-ENSG00000207716,,,n.11014822A>G,,,,,,
11025131,rs6846529,4,C,T,T,intergenic_region,MODIFIER,RP11-61G19.1-MIR572,ENSG00000249334-ENSG00000207716,intergenic_region,ENSG00000249334-ENSG00000207716,,,n.11025131C>T,,,,,,
11026028,rs6448453,4,A,G,G,intergenic_region,MODIFIER,RP11-61G19.1-MIR572,ENSG00000249334-ENSG00000207716,intergenic_region,ENSG00000249334-ENSG00000207716,,,n.11026028A>G,,,,,,
40198846,rs2245466,4,G,C,C,5_prime_UTR_variant,MODIFIER,RHOH,ENSG00000168421,transcript,ENST00000381799,protein_coding,1/3,c.-405G>C,,,,,46161,
14724413,rs112403360,5,T,A,A,intron_variant,MODIFIER,ANKH,ENSG00000154122,transcript,ENST00000284268,protein_coding,8/11,c.1012-7469A>T,,,,,,
86223195,rs62374257,5,T,C,C,intergenic_region,MODIFIER,CTD-2161E19.1-RP11-72L22.1,ENSG00000242477-ENSG00000249061,intergenic_region,ENSG00000242477-ENSG00000249061,,,n.86223195T>C,,,,,,
150432388,rs871269,5,C,T,T,intron_variant,MODIFIER,TNIP1,ENSG00000145901,transcript,ENST00000315050,protein_coding,6/17,c.628-568G>A,,,,,,
156526331,rs6891966,5,A,G,G,intron_variant,MODIFIER,HAVCR2,ENSG00000135077,transcript,ENST00000307851,protein_coding,3/6,c.479-419T>C,,,,,,
179628150,rs113706587,5,G,A,A,intron_variant,MODIFIER,RASGEF1C,ENSG00000146090,transcript,ENST00000361132,protein_coding,1/13,c.-7+7878C>T,,,,,,
32575406,rs9271058,6,T,A,A,intergenic_region,MODIFIER,HLA-DRB1-HLA-DQA1,ENSG00000196126-ENSG00000196735,intergenic_region,ENSG00000196126-ENSG00000196735,,,n.32575406T>A,,,,,,
32578530,rs9271192,6,A,C,C,intergenic_region,MODIFIER,HLA-DRB1-HLA-DQA1,ENSG00000196126-ENSG00000196735,intergenic_region,ENSG00000196126-ENSG00000196735,,,n.32578530A>C,,,,,,
32583099,rs6605556,6,A,G,G,intergenic_region,MODIFIER,HLA-DRB1-HLA-DQA1,ENSG00000196126-ENSG00000196735,intergenic_region,ENSG00000196126-ENSG00000196735,,,n.32583099A>G,,,,,,
32583357,rs6931277,6,A,T,T,intergenic_region,MODIFIER,HLA-DRB1-HLA-DQA1,ENSG00000196126-ENSG00000196735,intergenic_region,ENSG00000196126-ENSG00000196735,,,n.32583357A>T,,,,,,
32583813,rs1846190,6,G,A,A,intergenic_region,MODIFIER,HLA-DRB1-HLA-DQA1,ENSG00000196126-ENSG00000196735,intergenic_region,ENSG00000196126-ENSG00000196735,,,n.32583813G>A,,,,,,
40942196,rs187370608,6,G,A,A,intergenic_region,MODIFIER,RP11-570K4.1-UNC5CL,ENSG00000237947-ENSG00000124602,intergenic_region,ENSG00000237947-ENSG00000124602,,,n.40942196G>A,,,,,,
41004093,rs10947943,6,G,A,A,upstream_gene_variant,MODIFIER,UNC5CL,ENSG00000124602,transcript,ENST00000373164,protein_coding,,c.-1280C>T,,,,,1219,
41034000,rs114812713,6,G,C,C,3_prime_UTR_variant,MODIFIER,OARD1,ENSG00000124596,transcript,ENST00000479950,protein_coding,6/6,c.*1074C>G,,,,,1074,
41129207,rs143332484,6,C,T,T,missense_variant,MODERATE,TREM2,ENSG00000095970,transcript,ENST00000373113,protein_coding,2/5,c.185G>A,p.Arg62His,279/1044,185/693,62/230,,
41129252,rs75932628,6,C,T,T,missense_variant,MODERATE,TREM2,ENSG00000095970,transcript,ENST00000373113,protein_coding,2/5,c.140G>A,p.Arg47His,234/1044,140/693,47/230,,
41149008,rs60755019,6,A,G,G,intergenic_region,MODIFIER,TREM2-TREML2,ENSG00000095970-ENSG00000112195,intergenic_region,ENSG00000095970-ENSG00000112195,,,n.41149008A>G,,,,,,
41154650,rs9381040,6,C,T,T,downstream_gene_variant,MODIFIER,TREML2,ENSG00000112195,transcript,ENST00000483722,protein_coding,,c.*5515G>A,,,,,3365,
47431284,rs9473117,6,A,C,C,intergenic_region,MODIFIER,AL355353.1-RP11-385F7.1,ENSG00000266330-ENSG00000270761,intergenic_region,ENSG00000266330-ENSG00000270761,,,n.47431284A>C,,,,,,
47432637,rs9381563,6,C,T,T,intergenic_region,MODIFIER,AL355353.1-RP11-385F7.1,ENSG00000266330-ENSG00000270761,intergenic_region,ENSG00000266330-ENSG00000270761,,,n.47432637C>T,,,,,,
47485126,rs7767350,6,C,T,T,intron_variant,MODIFIER,CD2AP,ENSG00000198087,transcript,ENST00000359314,protein_coding,2/17,c.165+13950C>T,,,,,,
47487762,rs10948363,6,A,G,G,intron_variant,MODIFIER,CD2AP,ENSG00000198087,transcript,ENST00000359314,protein_coding,2/17,c.166-13576A>G,,,,,,
47552180,rs9369716,6,A,T,T,intron_variant,MODIFIER,CD2AP,ENSG00000198087,transcript,ENST00000359314,protein_coding,11/17,c.1108+2379A>T,,,,,,
114612895,rs785129,6,T,C,C,intron_variant,MODIFIER,HS3ST5,ENSG00000249853,transcript,ENST00000312719,protein_coding,1/4,c.-339+50464A>G,,,,,,
7856894,rs6943429,7,T,C,C,intron_variant,MODIFIER,RPA3-AS1,ENSG00000219545,transcript,ENST00000406829,protein_coding,2/2,c.51+15520T>C,,,,,,
8244012,rs10952097,7,T,C,C,intron_variant,MODIFIER,ICA1,ENSG00000003147,transcript,ENST00000422063,protein_coding,5/13,c.579+13923A>G,,,,,,
12268758,rs5011436,7,A,C,C,downstream_gene_variant,MODIFIER,TMEM106B,ENSG00000106460,transcript,ENST00000444443,protein_coding,,c.*4858A>C,,,,,4858,WARNING_TRANSCRIPT_NO_STOP_CODON
12269593,rs13237518,7,C,A,A,intron_variant,MODIFIER,TMEM106B,ENSG00000106460,transcript,ENST00000396667,protein_coding,6/8,c.582+148C>A,,,,,,
28168746,rs1160871,7,GTCTT,G,G,intron_variant,MODIFIER,JAZF1,ENSG00000153814,transcript,ENST00000283928,protein_coding,1/4,c.115+51332_115+51335delAAGA,,,,,,
37841534,rs2718058,7,A,G,G,intron_variant,MODIFIER,EPDR1,ENSG00000086289,transcript,ENST00000476620,protein_coding,1/3,c.-109-55342A>G,,,,,,
37883793,rs6966331,7,T,C,C,upstream_gene_variant,MODIFIER,NME8,ENSG00000086288,transcript,ENST00000199447,protein_coding,,c.-4778T>C,,,,,4406,
54941328,rs76928645,7,C,T,T,intergenic_region,MODIFIER,SNORA73-RP4-791C19.1,ENSG00000252054-ENSG00000218586,intergenic_region,ENSG00000252054-ENSG00000218586,,,n.54941328C>T,,,,,,
99932049,rs7384878,7,C,T,T,upstream_gene_variant,MODIFIER,PILRB,ENSG00000121716,transcript,ENST00000610247,protein_coding,,c.-4184C>T,,,,,1688,
99971834,rs1859788,7,A,G,G,missense_variant,MODERATE,PILRA,ENSG00000085514,transcript,ENST00000198536,protein_coding,2/7,c.232A>G,p.Arg78Gly,444/1313,232/912,78/303,,
100004446,rs1476679,7,C,T,T,intron_variant,MODIFIER,ZCWPW1,ENSG00000078487,transcript,ENST00000398027,protein_coding,11/17,c.1066-25G>A,,,,,,
100091795,rs12539172,7,T,C,C,3_prime_UTR_variant,MODIFIER,NYAP1,ENSG00000166924,transcript,ENST00000423930,protein_coding,7/7,c.*269T>C,,,,,269,
143099133,rs10808026,7,C,A,A,intron_variant,MODIFIER,EPHA1,ENSG00000146904,transcript,ENST00000275815,protein_coding,2/17,c.151-435G>T,,,,,,
143104331,rs3935067,7,G,C,C,intron_variant,MODIFIER,EPHA1,ENSG00000146904,transcript,ENST00000275815,protein_coding,2/17,c.150+373C>G,,,,,,
143108158,rs7810606,7,T,C,C,upstream_gene_variant,MODIFIER,EPHA1,ENSG00000146904,transcript,ENST00000275815,protein_coding,,c.-2260A>G,,,,,2173,
143110762,rs11771145,7,G,A,A,upstream_gene_variant,MODIFIER,EPHA1,ENSG00000146904,transcript,ENST00000275815,protein_coding,,c.-4864C>T,,,,,4777,
145950029,rs114360492,7,C,T,T,intron_variant,MODIFIER,CNTNAP2,ENSG00000174469,transcript,ENST00000361727,protein_coding,1/23,c.97+135964C>T,,,,,,
11702122,rs1065712,8,G,C,C,3_prime_UTR_variant,MODIFIER,CTSB,ENSG00000164733,transcript,ENST00000345125,protein_coding,11/11,c.*512C>G,,,,,512,
27195121,rs28834970,8,T,C,C,intron_variant,MODIFIER,PTK2B,ENSG00000120899,transcript,ENST00000346049,protein_coding,1/30,c.-38+11923T>C,,,,,,
27219987,rs73223431,8,C,T,T,intron_variant,MODIFIER,PTK2B,ENSG00000120899,transcript,ENST00000346049,protein_coding,1/30,c.-37-35078C>T,,,,,,
27464929,rs4236673,8,A,G,G,upstream_gene_variant,MODIFIER,CLU,ENSG00000120885,transcript,ENST00000522098,protein_coding,,c.-2074T>C,,,,,2073,WARNING_TRANSCRIPT_NO_START_CODON
27465312,rs11787077,8,T,C,C,upstream_gene_variant,MODIFIER,CLU,ENSG00000120885,transcript,ENST00000522098,protein_coding,,c.-2457A>G,,,,,2456,WARNING_TRANSCRIPT_NO_START_CODON
27466315,rs1532278,8,T,C,C,upstream_gene_variant,MODIFIER,CLU,ENSG00000120885,transcript,ENST00000522098,protein_coding,,c.-3460A>G,,,,,3459,WARNING_TRANSCRIPT_NO_START_CODON
27467686,rs9331896,8,C,T,T,upstream_gene_variant,MODIFIER,CLU,ENSG00000120885,transcript,ENST00000522098,protein_coding,,c.-4831G>A,,,,,4830,WARNING_TRANSCRIPT_NO_START_CODON
145108151,rs61732533,8,G,A,A,synonymous_variant,LOW,OPLAH,ENSG00000178814,transcript,ENST00000426825,protein_coding,20/28,c.2832C>T,p.Tyr944Tyr,2914/4008,2832/3867,944/1288,,
145158607,rs34173062,8,G,A,A,missense_variant,MODERATE,SHARPIN,ENSG00000179526,transcript,ENST00000398712,protein_coding,1/9,c.50C>T,p.Ser17Phe,487/1765,50/1164,17/387,,
107665978,rs1800978,9,C,G,G,5_prime_UTR_variant,MODIFIER,ABCA1,ENSG00000165029,transcript,ENST00000374736,protein_coding,2/50,c.-18G>C,,,,,18,
11717397,rs11257238,10,T,C,C,intergenic_region,MODIFIER,RP11-138I18.1-RP11-138I18.2,ENSG00000271360-ENSG00000271046,intergenic_region,ENSG00000271360-ENSG00000271046,,,n.11717397T>C,,,,,,
11718713,rs7912495,10,A,G,G,intergenic_region,MODIFIER,RP11-138I18.1-RP11-138I18.2,ENSG00000271360-ENSG00000271046,intergenic_region,ENSG00000271360-ENSG00000271046,,,n.11718713A>G,,,,,,
11720308,rs7920721,10,A,G,G,intergenic_region,MODIFIER,RP11-138I18.1-RP11-138I18.2,ENSG00000271360-ENSG00000271046,intergenic_region,ENSG00000271360-ENSG00000271046,,,n.11720308A>G,,,,,,
61738152,rs7902657,10,G,T,T,intergenic_region,MODIFIER,C10orf40-ANK3,ENSG00000235931-ENSG00000151150,intergenic_region,ENSG00000235931-ENSG00000151150,,,n.61738152G>T,,,,,,
61784928,rs7068231,10,T,G,G,downstream_gene_variant,MODIFIER,ANK3,ENSG00000151150,transcript,ENST00000280772,protein_coding,,c.*4676A>C,,,,,1128,
82253984,rs6586028,10,C,T,T,intron_variant,MODIFIER,TSPAN14,ENSG00000108219,transcript,ENST00000372156,protein_coding,5/11,c.81+4914C>T,,,,,,
98026407,rs6584063,10,G,A,A,intron_variant,MODIFIER,BLNK,ENSG00000095585,transcript,ENST00000224337,protein_coding,1/16,c.47+4702C>T,,,,,,
124172912,rs7908662,10,A,G,G,downstream_gene_variant,MODIFIER,PLEKHA1,ENSG00000107679,transcript,ENST00000463663,protein_coding,,c.*420A>G,,,,,420,WARNING_TRANSCRIPT_NO_STOP_CODON
47380340,rs3740688,11,G,T,T,missense_variant,MODERATE,SPI1,ENSG00000066336,transcript,ENST00000533968,protein_coding,4/4,c.548C>A,p.Ala183Asp,682/1290,548/738,183/245,,
47391948,rs10437655,11,G,A,A,intron_variant,MODIFIER,SPI1,ENSG00000066336,transcript,ENST00000227163,protein_coding,2/4,c.145+5236C>T,,,,,,
47449072,rs12292911,11,G,A,A,upstream_gene_variant,MODIFIER,PSMC3,ENSG00000165916,transcript,ENST00000298852,protein_coding,,c.-1242C>T,,,,,1084,
47557871,rs10838725,11,T,C,C,intron_variant,MODIFIER,CELF1,ENSG00000149187,transcript,ENST00000531165,protein_coding,1/15,c.-154+16673A>G,,,,,,
59923508,rs983392,11,A,G,G,intergenic_region,MODIFIER,MS4A2-AP001257.1,ENSG00000149534-ENSG00000254952,intergenic_region,ENSG00000149534-ENSG00000254952,,,n.59923508A>G,,,,,,
59936926,rs7933202,11,A,C,C,downstream_gene_variant,MODIFIER,MS4A6A,ENSG00000110077,transcript,ENST00000529054,protein_coding,,c.*2705T>G,,,,,2594,
59958380,rs2081545,11,C,A,A,intergenic_region,MODIFIER,MS4A6A-MS4A4E,ENSG00000110077-ENSG00000214787,intergenic_region,ENSG00000110077-ENSG00000214787,,,n.59958380C>A,,,,,,
60021948,rs1582763,11,G,A,A,intergenic_region,MODIFIER,MS4A4E-MS4A4A,ENSG00000214787-ENSG00000110079,intergenic_region,ENSG00000214787-ENSG00000110079,,,n.60021948G>A,,,,,,
85776544,rs867611,11,G,A,A,intron_variant,MODIFIER,PICALM,ENSG00000073921,transcript,ENST00000393346,protein_coding,1/19,c.130+3149C>T,,,,,,
85800279,rs561655,11,G,A,A,intergenic_region,MODIFIER,PICALM-snoU13,ENSG00000073921-ENSG00000238666,intergenic_region,ENSG00000073921-ENSG00000238666,,,n.85800279G>A,,,,,,
85867875,rs10792832,11,A,G,G,intergenic_region,MODIFIER,RNU6-560P-RP11-12D16.2,ENSG00000200877-ENSG00000254699,intergenic_region,ENSG00000200877-ENSG00000254699,,,n.85867875A>G,,,,,,
85868640,rs3851179,11,T,C,C,intergenic_region,MODIFIER,RNU6-560P-RP11-12D16.2,ENSG00000200877-ENSG00000254699,intergenic_region,ENSG00000200877-ENSG00000254699,,,n.85868640T>C,,,,,,
121353077,rs74685827,11,T,G,G,intron_variant,MODIFIER,SORL1,ENSG00000137642,transcript,ENST00000260197,protein_coding,3/47,c.528+4125T>G,,,,,,
121435587,rs11218343,11,T,C,C,upstream_gene_variant,MODIFIER,SORL1,ENSG00000137642,transcript,ENST00000525532,protein_coding,,c.-2085T>C,,,,,1847,
113719788,rs6489896,12,T,C,C,intron_variant,MODIFIER,TPCN1,ENSG00000186815,transcript,ENST00000541517,protein_coding,15/27,c.1558+1788T>C,,,,,,
53298853,rs7146179,14,A,G,G,intergenic_region,MODIFIER,RP11-589M4.3-FERMT2,ENSG00000258698-ENSG00000073712,intergenic_region,ENSG00000258698-ENSG00000073712,,,n.53298853A>G,,,,,,
53391680,rs17125924,14,A,G,G,intron_variant,MODIFIER,FERMT2,ENSG00000073712,transcript,ENST00000343279,protein_coding,2/15,c.158-5606T>C,,,,,,
53400629,rs17125944,14,T,C,C,intron_variant,MODIFIER,FERMT2,ENSG00000073712,transcript,ENST00000343279,protein_coding,2/15,c.158-14555A>G,,,,,,
92926952,rs10498633,14,G,T,T,intron_variant,MODIFIER,SLC24A4,ENSG00000140090,transcript,ENST00000532405,protein_coding,12/16,c.1255+4000G>T,,,,,,
92931261,rs7401792,14,G,A,A,intron_variant,MODIFIER,SLC24A4,ENSG00000140090,transcript,ENST00000532405,protein_coding,12/16,c.1255+8309G>A,,,,,,
92932828,rs12881735,14,T,C,C,intron_variant,MODIFIER,SLC24A4,ENSG00000140090,transcript,ENST00000532405,protein_coding,12/16,c.1255+9876T>C,,,,,,
92938855,rs12590654,14,G,A,A,intron_variant,MODIFIER,SLC24A4,ENSG00000140090,transcript,ENST00000532405,protein_coding,12/16,c.1256-10169G>A,,,,,,
106228095,rs7157106,14,A,G,G,intergenic_region,MODIFIER,IGHG1-IGHG3,ENSG00000211896-ENSG00000211897,intergenic_region,ENSG00000211896-ENSG00000211897,,,n.106228095A>G,,,,,,
107121607,rs10131280,14,G,A,A,intergenic_region,MODIFIER,IGHV3-64-IGHV3-65,ENSG00000223648-ENSG00000253209,intergenic_region,ENSG00000223648-ENSG00000253209,,,n.107121607G>A,,,,,,
50994011,rs8025980,15,A,G,G,intergenic_region,MODIFIER,RN7SL354P-SPPL2A,ENSG00000243027-ENSG00000138600,intergenic_region,ENSG00000243027-ENSG00000138600,,,n.50994011A>G,,,,,,
51001534,rs59685680,15,T,G,G,intron_variant,MODIFIER,SPPL2A,ENSG00000138600,transcript,ENST00000261854,protein_coding,14/14,c.1489-1463A>C,,,,,,
59022615,rs442495,15,T,C,C,intron_variant,MODIFIER,ADAM10,ENSG00000137845,transcript,ENST00000260408,protein_coding,1/15,c.56-12689A>G,,,,,,
59045774,rs593742,15,A,G,G,upstream_gene_variant,MODIFIER,ADAM10,ENSG00000137845,transcript,ENST00000260408,protein_coding,,c.-4041T>C,,,,,3597,
59057023,rs602602,15,T,A,A,intergenic_region,MODIFIER,U3-RP11-30K9.6,ENSG00000200318-ENSG00000245975,intergenic_region,ENSG00000200318-ENSG00000245975,,,n.59057023T>A,,,,,,
63569902,rs117618017,15,C,T,T,missense_variant,MODERATE,APH1B,ENSG00000138613,transcript,ENST00000261879,protein_coding,1/6,c.80C>T,p.Thr27Ile,150/4189,80/774,27/257,,
64423506,rs3848143,15,G,A,A,intron_variant,MODIFIER,SNX1,ENSG00000028528,transcript,ENST00000261889,protein_coding,10/14,c.1016-380G>A,,,,,,
79229199,rs12592898,15,A,G,G,intron_variant,MODIFIER,CTSH,ENSG00000103811,transcript,ENST00000220166,protein_coding,3/11,c.229+461T>C,,,,,,
19808163,rs7185636,16,T,C,C,intron_variant,MODIFIER,IQCK,ENSG00000174628,transcript,ENST00000320394,protein_coding,8/9,c.690+7919T>C,,,,,,
30021402,rs1140239,16,C,T,T,missense_variant,MODERATE,DOC2A,ENSG00000149927,transcript,ENST00000350119,protein_coding,2/11,c.142G>A,p.Gly48Ser,333/2071,142/1203,48/400,,
31122571,rs889555,16,C,T,T,upstream_gene_variant,MODIFIER,BCKDK,ENSG00000103507,transcript,ENST00000567682,protein_coding,,c.-120C>T,,,,,118,WARNING_TRANSCRIPT_INCOMPLETE
31133100,rs59735493,16,G,A,A,intron_variant,MODIFIER,KAT8,ENSG00000103510,transcript,ENST00000448516,protein_coding,3/9,c.462+1265G>A,,,,,,
70694000,rs4985556,16,C,A,A,stop_gained,HIGH,IL34,ENSG00000157368,transcript,ENST00000288098,protein_coding,6/6,c.639C>A,p.Tyr213*,1022/1607,639/729,213/242,,
79355857,rs62039712,16,G,A,A,intergenic_region,MODIFIER,RNA5SP431-RP11-467I17.1,ENSG00000222244-ENSG00000261472,intergenic_region,ENSG00000222244-ENSG00000261472,,,n.79355857G>A,,,,,,
79608408,rs450674,16,T,C,C,intergenic_region,MODIFIER,RP11-467I17.1-MAF,ENSG00000261472-ENSG00000178573,intergenic_region,ENSG00000261472-ENSG00000178573,,,n.79608408T>C,,,,,,
81773003,rs12446759,16,G,A,A,intron_variant,MODIFIER,PLCG2,ENSG00000197943,transcript,ENST00000565054,protein_coding,1/5,c.-145+13G>A,,,,,,WARNING_TRANSCRIPT_INCOMPLETE
81773209,rs12444183,16,A,G,G,intron_variant,MODIFIER,PLCG2,ENSG00000197943,transcript,ENST00000565054,protein_coding,1/5,c.-145+219A>G,,,,,,WARNING_TRANSCRIPT_INCOMPLETE
81942028,rs72824905,16,C,G,G,missense_variant,MODERATE,PLCG2,ENSG00000197943,transcript,ENST00000359376,protein_coding,17/33,c.1565C>G,p.Pro522Arg,1779/4308,1565/3798,522/1265,,
86454210,rs16941239,16,T,A,A,intergenic_region,MODIFIER,LINC00917-RP11-158I3.1,ENSG00000168367-ENSG00000268473,intergenic_region,ENSG00000168367-ENSG00000268473,,,n.86454210T>A,,,,,,
1631341,rs35048651,17,TGAG,T,T,conservative_inframe_deletion,MODERATE,WDR81,ENSG00000167716,transcript,ENST00000409644,protein_coding,1/10,c.3089_3091delGAG,p.Glu1031del,3089/6733,3089/5826,1030/1941,,
4969940,rs7209200,17,C,T,T,intergenic_region,MODIFIER,RP11-46I8.1-RP11-46I8.3,ENSG00000262495-ENSG00000262693,intergenic_region,ENSG00000262495-ENSG00000262693,,,n.4969940C>T,,,,,,
5137047,rs7225151,17,G,A,A,intron_variant,MODIFIER,SCIMP,ENSG00000161929,transcript,ENST00000574081,protein_coding,1/4,c.21+983C>T,,,,,,
5138980,rs113260531,17,G,A,A,upstream_gene_variant,MODIFIER,SCIMP,ENSG00000161929,transcript,ENST00000574081,protein_coding,,c.-930C>T,,,,,825,
18059454,rs2242595,17,G,A,A,upstream_gene_variant,MODIFIER,MYO15A,ENSG00000091536,transcript,ENST00000556535,protein_coding,,c.-2281G>A,,,,,2168,WARNING_TRANSCRIPT_INCOMPLETE
42430244,rs5848,17,C,T,T,3_prime_UTR_variant,MODIFIER,GRN,ENSG00000030582,transcript,ENST00000053867,protein_coding,13/13,c.*78C>T,,,,,78,
42442344,rs708382,17,T,C,C,upstream_gene_variant,MODIFIER,FAM171A2,ENSG00000161682,transcript,ENST00000293443,protein_coding,,c.-1262A>G,,,,,1101,
44856641,rs199515,17,G,C,C,intron_variant,MODIFIER,WNT3,ENSG00000108379,transcript,ENST00000225512,protein_coding,1/4,c.81-5366C>G,,,,,,
47297297,rs616338,17,T,C,C,missense_variant,MODERATE,ABI3,ENSG00000108798,transcript,ENST00000225941,protein_coding,5/8,c.626T>C,p.Phe209Ser,1124/2109,626/1101,209/366,,
47450775,rs28394864,17,G,A,A,intron_variant,MODIFIER,RP11-81K2.1,ENSG00000262039,transcript,ENST00000576461,protein_coding,2/2,c.178+327G>A,,,,,,
56409089,rs2632516,17,G,C,C,upstream_gene_variant,MODIFIER,BZRAP1,ENSG00000005379,transcript,ENST00000355701,protein_coding,,c.-3808C>G,,,,,2937,
56410041,rs2526377,17,A,G,G,upstream_gene_variant,MODIFIER,BZRAP1,ENSG00000005379,transcript,ENST00000355701,protein_coding,,c.-4760T>C,,,,,3889,
61538148,rs138190086,17,G,A,A,intergenic_region,MODIFIER,RP11-269G24.6-CTD-2501B8.5,ENSG00000265971-ENSG00000228979,intergenic_region,ENSG00000265971-ENSG00000228979,,,n.61538148G>A,,,,,,
61545779,rs6504163,17,C,T,T,intergenic_region,MODIFIER,RP11-269G24.6-CTD-2501B8.5,ENSG00000265971-ENSG00000228979,intergenic_region,ENSG00000265971-ENSG00000228979,,,n.61545779C>T,,,,,,
61548918,rs4277405,17,C,T,T,intergenic_region,MODIFIER,RP11-269G24.6-CTD-2501B8.5,ENSG00000265971-ENSG00000228979,intergenic_region,ENSG00000265971-ENSG00000228979,,,n.61548918C>T,,,,,,
56189459,rs76726049,18,T,C,C,intron_variant,MODIFIER,ALPK2,ENSG00000198796,transcript,ENST00000361673,protein_coding,8/12,c.5665+1579A>G,,,,,,
1039323,rs111278892,19,C,G,G,upstream_gene_variant,MODIFIER,ABCA7,ENSG00000064687,transcript,ENST00000263094,protein_coding,,c.-1010C>G,,,,,779,
1043638,rs3752231,19,C,T,T,downstream_gene_variant,MODIFIER,CNN2,ENSG00000064666,transcript,ENST00000263097,protein_coding,,c.*5739C>T,,,,,4570,
1050874,rs12151021,19,A,G,G,intron_variant,MODIFIER,ABCA7,ENSG00000064687,transcript,ENST00000263094,protein_coding,18/46,c.2553-46A>G,,,,,,
1056492,rs3752246,19,G,C,C,missense_variant,MODERATE,ABCA7,ENSG00000064687,transcript,ENST00000263094,protein_coding,33/47,c.4580G>C,p.Gly1527Ala,4811/6816,4580/6441,1527/2146,,
1063443,rs4147929,19,A,G,G,upstream_gene_variant,MODIFIER,HMHA1,ENSG00000180448,transcript,ENST00000590214,protein_coding,,c.-3962A>G,,,,,3883,
1854258,rs149080927,19,GC,G,G,3_prime_UTR_variant,MODIFIER,KLF16,ENSG00000129911,transcript,ENST00000250916,protein_coding,2/2,c.*199delG,,,,,199,
45351516,rs41289512,19,C,G,G,intron_variant,MODIFIER,PVRL2,ENSG00000130202,transcript,ENST00000252483,protein_coding,1/8,c.88+1646C>G,,,,,,
45411941,rs429358,19,T,C,C,missense_variant,MODERATE,APOE,ENSG00000130203,transcript,ENST00000252486,protein_coding,4/4,c.388T>C,p.Cys130Arg,499/1208,388/954,130/317,,
46241841,rs76320948,19,C,T,T,intron_variant,MODIFIER,AC074212.3,ENSG00000237452,transcript,ENST00000457052,protein_coding,2/14,c.72-1043C>T,,,,,,
49213504,rs2452170,19,G,A,A,downstream_gene_variant,MODIFIER,FUT2,ENSG00000176920,transcript,ENST00000391876,protein_coding,,c.*4924G>A,,,,,4595,
50453317,rs9304690,19,C,T,T,synonymous_variant,LOW,SIGLEC11,ENSG00000161640,transcript,ENST00000447370,protein_coding,11/11,c.2007G>A,p.Ser669Ser,2098/3173,2007/2097,669/698,,
51727962,rs3865444,19,C,A,A,upstream_gene_variant,MODIFIER,CD33,ENSG00000105383,transcript,ENST00000262262,protein_coding,,c.-413C>A,,,,,392,
51728477,rs12459419,19,C,T,T,missense_variant,MODERATE,CD33,ENSG00000105383,transcript,ENST00000262262,protein_coding,2/7,c.41C>T,p.Ala14Val,62/1444,41/1095,14/364,,
51737991,rs1354106,19,T,G,G,intron_variant,MODIFIER,CD33,ENSG00000105383,transcript,ENST00000262262,protein_coding,4/6,c.746-421T>G,,,,,,
54771451,rs587709,19,T,C,C,intergenic_region,MODIFIER,RNU6-1307P-AC098789.1,ENSG00000212314-ENSG00000240042,intergenic_region,ENSG00000212314-ENSG00000240042,,,n.54771451T>C,,,,,,
54825174,rs1761461,19,A,C,C,upstream_gene_variant,MODIFIER,LILRA5,ENSG00000187116,transcript,ENST00000301219,protein_coding,,c.-885T>G,,,,,765,
393978,rs1358782,20,A,G,G,downstream_gene_variant,MODIFIER,RBCK1,ENSG00000125826,transcript,ENST00000475269,protein_coding,,c.*2772A>G,,,,,2570,
54983075,rs6069736,20,C,T,T,upstream_gene_variant,MODIFIER,CASS4,ENSG00000087589,transcript,ENST00000360314,protein_coding,,c.-4318C>T,,,,,4093,
54995699,rs6069737,20,C,T,T,intron_variant,MODIFIER,CASS4,ENSG00000087589,transcript,ENST00000360314,protein_coding,2/6,c.36+8149C>T,,,,,,
54997568,rs6024870,20,G,A,A,intron_variant,MODIFIER,CASS4,ENSG00000087589,transcript,ENST00000360314,protein_coding,2/6,c.36+10018G>A,,,,,,
54998544,rs6014724,20,A,G,G,intron_variant,MODIFIER,CASS4,ENSG00000087589,transcript,ENST00000360314,protein_coding,2/6,c.36+10994A>G,,,,,,
55018260,rs7274581,20,T,C,C,intron_variant,MODIFIER,CASS4,ENSG00000087589,transcript,ENST00000360314,protein_coding,3/6,c.460-2696T>C,,,,,,
62374441,rs6742,20,T,C,C,3_prime_UTR_variant,MODIFIER,SLC2A4RG,ENSG00000125520,transcript,ENST00000266077,protein_coding,8/8,c.*98T>C,,,,,98,
27269932,rs63750847,21,C,T,T,missense_variant,MODERATE,APP,ENSG00000142192,transcript,ENST00000346798,protein_coding,16/18,c.2017G>A,p.Ala673Thr,2051/3467,2017/2313,673/770,,
27473875,rs2154481,21,C,T,T,intron_variant,MODIFIER,APP,ENSG00000142192,transcript,ENST00000346798,protein_coding,2/17,c.225+10421G>A,,,,,,
27520931,rs2154482,21,G,T,T,intron_variant,MODIFIER,APP,ENSG00000142192,transcript,ENST00000346798,protein_coding,1/17,c.57+21951C>A,,,,,,
28148191,rs2830489,21,C,T,T,intergenic_region,MODIFIER,CYYR1-ADAMTS1,ENSG00000166265-ENSG00000154734,intergenic_region,ENSG00000166265-ENSG00000154734,,,n.28148191C>T,,,,,,
28156856,rs2830500,21,C,A,A,intergenic_region,MODIFIER,CYYR1-ADAMTS1,ENSG00000166265-ENSG00000154734,intergenic_region,ENSG00000166265-ENSG00000154734,,,n.28156856C>A,,,,,,
